Bst_ID,NAME,Ward_No,X,Y
Blr_Bst000738,Trinity Circle (Church),114,77.6198163125,12.9725111086
Blr_Bst000352,Philips (Ulsoor Lake),114,77.6215996446,12.9728166674
Blr_Bst000354,Binnamangala,80,77.6403329619,12.9839499972
Blr_Bst000358,Benniganahalli,57,77.6635162857,12.9941499969
Blr_Bst000357,Kaggadasapura Jn (Big Bazaar),57,77.6576162899,12.991299997
Blr_Bst000136,K. R. Puram Rlwy Station,56,77.6768829361,13.0002166667
Blr_Bst000792,ITI Bus Stop,55,77.6860829327,13.0055277744
Blr_Bst000771,Vannar Pete,114,77.6210496447,12.9563333274
Blr_Bst000740,Passport Office,147,77.6186496461,12.9461833275
Blr_Bst000768,Koramangala (80 FT RD),148,77.6264996406,12.9378999974
Blr_Bst000889,Koramangala (SONY World),151,77.6266829704,12.9369666674
Blr_Bst000741,NGV Center,148,77.6225996433,12.9426166674
Blr_Bst000899,Koramangala 1st Block,173,77.6338313053,12.9247749973
Blr_Bst000841,Coles park,78,77.6084163206,12.9982499976
Blr_Bst000840,Fraser town (Doddi stop),60,77.6121496515,13.0027999975
Blr_Bst000839,Amanath Bank Stop,60,77.6123829848,13.0062333309
Blr_Bst000837,Venketeshpuram02,31,77.6188496474,13.0201166641
Blr_Bst000823,K.G. Halli,30,77.6190663139,13.0207833308
Blr_Bst000825,Govindapura Cross,24,77.6220829787,13.0325333307
Blr_Bst000836,Arabic college,23,77.620666313,13.0293499974
Blr_Bst000691,Kengeri,159,77.4839663977,12.9103666688
Blr_Bst00065,Mylasandra (Mysore Raod),159,77.4906997241,12.9177166655
Blr_Bst00068,Bangalore University Gate,129,77.5130663784,12.9355499986
Blr_Bst000512,Panthara palya,160,77.524216372,12.9402166651
Blr_Bst000684,BWSSB Quaters,131,77.5235497057,12.9396833285
Blr_Bst000509,Byatarayanapura Police Station,157,77.5399996962,12.951666665
Blr_Bst000680,Vinayaka Stop,140,77.5605330139,12.9615666681
Blr_Bst000700,Jaraganhalli,185,77.5733996749,12.902149998
Blr_Bst000702,Metro Mall (Kanakapura RD),185,77.5684663478,12.894183328
Blr_Bst000722,Sarakki Gate,180,77.5729330053,12.910116668
Blr_Bst000384,Lalbagh Main Gate,143,77.5849996684,12.9540999978
Blr_Bst000454,Purnima Bus Stop,118,77.585682998,12.9553499978
Blr_Bst000603,Corporation (Kalinga RD),110,77.5872829971,12.9651333278
Blr_Bst000727,Corporation Office,110,77.5881163366,12.9668999978
Blr_Bst000627,T.V. Tower,35,77.5911996654,13.0090666678
Blr_Bst000495,Yeshwantpur Junction,44,77.5530052451,13.019438887
Blr_Bst00095,Govardhan Turning,38,77.553816359,13.0178666681
Blr_Bst000473,M E I Factory,38,77.547433023,13.0246833282
Blr_Bst000492,MEI (Tumkur RD),38,77.544016365,13.0264333282
Blr_Bst000660,8th Mile (Tumkur RD),39,77.5075497166,13.0451499986
Blr_Bst000478,Jalahalli Cross,15,77.5178663806,13.0405166685
Blr_Bst000649,Dasarahalli (Tumkur Rd),15,77.5142997127,13.0425833285
Blr_Bst00041,Madiwala Masjid,151,77.6182829793,12.9247333308
Blr_Bst000787,Adugodi Police Quarters,146,77.6083496529,12.9416499976
Blr_Bst000737,Brigade Road (St Patricks Chur,111,77.607091321,12.9713999976
Blr_Bst000179,IIM-B,188,77.5998996577,12.8965999977
Blr_Bst000181,G.D. Marra (J.P. Nagar 3rd Ph),188,77.6004163242,12.9080444421
Blr_Bst000237,BTM Check Post,177,77.5999663279,12.9135833277
Blr_Bst000734,Jayadeva (Opp Shoppers Stop),176,77.6000329879,12.9140833277
Blr_Bst000235,Jal Bhavan (Bannerghatta RD),171,77.6004663278,12.9260833277
Blr_Bst000647,Cantonment RLWY Station,63,77.5972496612,12.9937666677
Blr_Bst000796,Frazer Town (Post Office),78,77.6121663181,13.0012833309
Blr_Bst000814,Depot - 10,24,77.6317496387,13.0262333306
Blr_Bst000849,Varthurkodi,84,77.7460134404,12.9582305514
Blr_Bst000903,Marathahalli (Jn. Vartur and O,150,77.7021468084,12.9567499964
Blr_Bst000169,Raja Rajeshwari Talkies,113,77.6616662863,12.959216667
Blr_Bst000854,Kodihalli,88,77.6453662979,12.9601999972
Blr_Bst000340,Electric Stop (Manipal Center),114,77.6196329759,12.9709333275
Blr_Bst000920,Byatarayanapura (Blry RD),7,77.5934274427,13.0608777755
Blr_Bst000919,BIAL Bus Stop,0,77.7083862569,13.1990616662
Blr_Bst000917,Malleshwaram 18th Cross,45,77.5689046795,13.008696668
Blr_Bst000916,Halasuru (Ulsoor),89,77.6264546414,12.9759249974
Blr_Bst000915,Taj Residency,90,77.6200596457,12.9744149974
Blr_Bst000914,Kogillu Cross,1,77.6114513242,13.1230433275
Blr_Bst000913,Jeevanbhima Nagar,88,77.6579296191,12.965708327
Blr_Bst000912,Indira Nagar Police Station,80,77.640122962,12.9784083272
Blr_Bst000910,Lake Side Hospital,90,77.6172896478,12.9883483275
Blr_Bst000909,Bangalore Club (Richmond Circl,111,77.599822989,12.9676449977
Blr_Bst000908,Bowring Institute (SBI),111,77.6014329914,12.9744499977
Blr_Bst000907,Basaveshwara Circle (L.H.),93,77.5881996669,12.9844999978
Blr_Bst000906,Richmond Circle (Opp Bangalore,111,77.59658855,12.9650027755
Blr_Bst000905,White Field Post Office,84,77.7484228797,12.9641133258
Blr_Bst000904,Siddapur,84,77.7323095626,12.956349996
Blr_Bst000902,Domlur,112,77.6364996342,12.9612333273
Blr_Bst000901,Halasuru (Ulsoor) Lake,78,77.6161563186,12.9893733275
Blr_Bst000900,J.C. Nagar,35,77.5924813345,13.0069833277
Blr_Bst000898,Koramangala Water tank,151,77.6214496438,12.9274499975
Blr_Bst000897,Madiwala (Check Post),152,77.6126296499,12.9324183276
Blr_Bst000896,Cunnighama Road,93,77.5944829962,12.9877333311
Blr_Bst000895,Jn. of Koramangala 80ft RD,148,77.6274496399,12.9376833274
Blr_Bst000894,Koramangala (Jn. Ejipura RD),114,77.6333496359,12.9386305529
Blr_Bst000893,Dell Complex,112,77.641382964,12.9545333305
Blr_Bst000892,Indian Express,110,77.5970296611,12.9837333277
Blr_Bst000891,HSR Layout (BDA Complex),174,77.6381163021,12.9126666673
Blr_Bst000888,DELL Complex (Hero Honda),150,77.6409301865,12.9532722194
Blr_Bst000887,M.G. RD (Manipal Centre),90,77.614380205,12.9745111086
Blr_Bst000886,GPO,110,77.5954024399,12.9814194422
Blr_Bst000884,Bommanahalli,175,77.6283013088,12.9077416674
Blr_Bst000883,Central Silk Board (Hosur RD),175,77.6242163117,12.9144833274
Blr_Bst000882,Agara,174,77.6503146237,12.9242749971
Blr_Bst000881,Accenture,150,77.6787596032,12.9268799968
Blr_Bst000880,Kalyananagar,25,77.6383013042,13.0262633272
Blr_Bst000879,Infosys (Parking Lot),0,77.6628646132,12.850094997
Blr_Bst000878,Jn.of Sarjapur RD,174,77.666537942,12.9213516669
Blr_Bst000877,Intel,150,77.6795896025,12.9274983267
Blr_Bst000876,Marathahalli Bridge (ORR),85,77.7014940312,12.9600583298
Blr_Bst000875,Kalyananagar,29,77.6380163044,13.0260299972
Blr_Bst000874,Kempe Gowda Bus Station,94,77.5723996768,12.977499998
Blr_Bst000873,Hotel Grand Ashoka,93,77.5827996705,12.9914999979
Blr_Bst000872,Chikkalasandra Bus Stand,182,77.5518996884,12.9151999982
Blr_Bst000871,Padmanabhanagara,182,77.5594996838,12.9169999981
Blr_Bst000870,Kathariguppe,164,77.5536996875,12.9237999982
Blr_Bst000869,Rajajinagar/Navaranga,99,77.5518996898,12.9978999982
Blr_Bst000868,Malleshwaram Bus Station,45,77.5690996794,13.008599998
Blr_Bst000867,Sadashivanagar Bhashyam Circle,35,77.5796996727,13.0059999979
Blr_Bst000866,Kuvempu Nagar (BTM Layout),176,77.6161996472,12.9161999975
Blr_Bst000865,Dalmiya Circle (J.P. Nagar 3rd,177,77.5951163277,12.9070999978
Blr_Bst000864,Vijaya College,153,77.5799996713,12.9389999979
Blr_Bst000863,Minerva Circle,143,77.5799996716,12.9541999979
Blr_Bst000861,Hotel Windsor Manor (Le Meride,93,77.585096339,12.9940066678
Blr_Bst000859,Corporation (Kasturba Road),110,77.5866996675,12.9682999978
Blr_Bst000858,Hotel Le Meridean,93,77.5860274461,12.9902277756
Blr_Bst000857,Esteem Mall,7,77.5928885539,13.0494944422
Blr_Bst000856,Military Accounts Office (Trin,114,77.620882975,12.9667666674
Blr_Bst000855,Command Hospital,114,77.6256496417,12.9649499974
Blr_Bst000853,Hotel Leela Palace (Opp Royal,88,77.647641293,12.9600277749
Blr_Bst000852,Borewell (Marathahali RD),87,77.6865995979,12.9549333266
Blr_Bst000851,Spice Garden,85,77.7090162476,12.956466663
Blr_Bst000850,Kundalahalli Gate,85,77.7148495764,12.9563833263
Blr_Bst000848,Marathalli Bridge,86,77.7016995865,12.9569833264
Blr_Bst000847,HAL Main Gate (OPP),87,77.6651879438,12.9584299969
Blr_Bst000846,Diamond District,112,77.6401329616,12.9607166672
Blr_Bst000845,Shivaji Nagar Bus Station,110,77.6030329905,12.9839499976
Blr_Bst000844,Vasanth Nagar (Ambedkar Bhavan,93,77.594882996,12.9925999977
Blr_Bst000843,Bamboo Bazaar,78,77.6044163231,12.9924999976
Blr_Bst000842,Coles RD (Jn. Of Netaji RD),78,77.6070996548,12.9963333309
Blr_Bst000838,Venketeshpuram01,31,77.6150496497,13.0106166642
Blr_Bst000835,Thanisandra Petrol Bunk,24,77.6262329762,13.0442333307
Blr_Bst000834,Sarai Palya (Vidyasagar Cross),6,77.6284829747,13.047266664
Blr_Bst000833,Ashwath Nagar (Telecom Colony),6,77.6311163063,13.052416664
Blr_Bst000832,RK Hegde nagar,6,77.6337663049,13.0732333306
Blr_Bst000831,K Narayanapura Cross (RK Hegde,6,77.6336829715,13.0679499972
Blr_Bst000830,RAK Apartments,6,77.6335496382,13.0627666639
Blr_Bst000829,Thinnasandra,6,77.6329829718,13.0561999973
Blr_Bst000828,Vidyasagar Cross (Sarai palya),6,77.6285996413,13.047416664
Blr_Bst000827,Thinnasandra Petrol Bunk,24,77.6266829759,13.0446333307
Blr_Bst000826,Jn. Of Nagavara,24,77.624449644,13.0404333307
Blr_Bst000824,Railway Gate (Frazer Town),23,77.6198496468,13.0254666641
Blr_Bst000822,P and T Colony,30,77.6165329821,13.0129833308
Blr_Bst000821,CSI Hospital,78,77.6046329896,12.9917333309
Blr_Bst000820,Gandhi Statue (Chinnaswami),111,77.5990996597,12.9774499977
Blr_Bst000819,Museum road,111,77.5963496614,12.9743499977
Blr_Bst000817,Clarence School,60,77.616432982,13.0028499975
Blr_Bst000816,Charles School Bus Stop,59,77.621032979,13.0063333308
Blr_Bst000815,Lingarajpura,49,77.6256996426,13.0123499974
Blr_Bst000813,Hennur (Bagalur RD),24,77.6337996374,13.0291499973
Blr_Bst000812,Kothanur,25,77.6488162942,13.0615499971
Blr_Bst000811,Church Cross (Bagalur RD),0,77.6547829572,13.0885833303
Blr_Bst000810,Kannur,5,77.6542496244,13.0930833303
Blr_Bst000809,Tavakal Mosque,0,77.664899617,13.1059166635
Blr_Bst000808,Chakkalatti,0,77.6682329483,13.1222833301
Blr_Bst000807,Bagalur,0,77.6679829488,13.1345833301
Blr_Bst000806,Hosur Bande,0,77.6608662866,13.1061166636
Blr_Bst000805,Kadasonnapanahalli,5,77.6581329551,13.1014499969
Blr_Bst000804,Byrthi Bande,54,77.6533218469,13.0777138859
Blr_Bst000803,Bible College,54,77.6515662925,13.071499997
Blr_Bst000802,Gubbi Cross,25,77.6516162923,13.0641111081
Blr_Bst000801,Geddalahalli,25,77.6460496293,13.0524499971
Blr_Bst000800,Hennur Bande,24,77.6409662992,13.0368499972
Blr_Bst000799,Hennur Cross,24,77.6359329693,13.0315999972
Blr_Bst000798,Kacharakanahalli,29,77.6299163065,13.0210499973
Blr_Bst000797,Jyothi School,29,77.6291663069,13.015866664
Blr_Bst000795,Siddagunta Palya,50,77.654666292,12.990149997
Blr_Bst000794,Tin Factory,56,77.6691996116,12.9970333268
Blr_Bst000793,K.R. Puram Bus Stand,55,77.6925773724,13.0081611076
Blr_Bst000791,Siddaguntapalya Cross,57,77.6550829517,12.990049997
Blr_Bst000790,Trinity Circle (TAJ RESIDENCY),114,77.6196329759,12.9716166675
Blr_Bst000789,Anepalya,117,77.6052663218,12.9514166643
Blr_Bst000788,Adugodi,147,77.6077968755,12.9437638865
Blr_Bst000786,St Johns Hospital,151,77.6156663145,12.9296666642
Blr_Bst000785,Krupanidhi College,151,77.6283496391,12.9239999974
Blr_Bst000784,Madiwala Market,151,77.6220163133,12.9221666674
Blr_Bst000783,Koodlu Gate,190,77.6400496303,12.8892666673
Blr_Bst000782,Singasandra,191,77.647199625,12.8770666672
Blr_Bst000781,P.E.S. College,0,77.6625662836,12.858549997
Blr_Bst000780,Konappana Agarahara,0,77.6653662815,12.854999997
Blr_Bst000779,Electronic City (Hosur Rd),0,77.6713996069,12.8474666669
Blr_Bst000778,State Bank  (Electronic City),0,77.6652662814,12.8455944414
Blr_Bst000775,Ayyappaswami Temple (Madiwala),172,77.6183829758,12.9240999975
Blr_Bst000774,ST John's Hospital,152,77.615382978,12.9288833275
Blr_Bst000773,Garuda Mall,111,77.6051496556,12.9700499976
Blr_Bst000772,M.G. Road (Mayo Hall),111,77.6097163226,12.9732999976
Blr_Bst000770,Vivek Nagar Cross,115,77.6207329748,12.9520999974
Blr_Bst000769,Depot - 15,148,77.6246163119,12.9407666674
Blr_Bst000767,Ibbalur,174,77.6629996146,12.921249997
Blr_Bst000766,Junnasandara Gate,150,77.6843329287,12.9108833267
Blr_Bst000765,Dodda Kannelli,150,77.6973162588,12.9066999965
Blr_Bst000764,Ambedkar Nagar (Sarjapura Rd),0,77.7130495765,12.8992166663
Blr_Bst000763,Kodathi Gate,0,77.7204662406,12.8965999962
Blr_Bst000762,Shoole Kunte,0,77.7284328942,12.8924333261
Blr_Bst000761,Choudenahall Gate,0,77.7567328708,12.8816361068
Blr_Bst000760,Dommasandra Circle,0,77.7536662133,12.8796166657
Blr_Bst000759,Chambenahalli Gate,0,77.7615828667,12.8793333256
Blr_Bst000758,Yamare Village,0,77.7664495325,12.8722499956
Blr_Bst000757,Sompura Gate,0,77.7722661973,12.8618666655
Blr_Bst000755,Sarjapura,0,77.7857161857,12.8612833253
Blr_Bst000754,Sonkad Gate,0,77.7707661986,12.8634833255
Blr_Bst000753,Muttanalur Cross,0,77.7390828855,12.887283326
Blr_Bst000752,Ambedkar Nagar,0,77.7129995765,12.8990833263
Blr_Bst000751,Railway Gate (Sarjapura RD),150,77.7064995816,12.9021333264
Blr_Bst000750,Carmeleram College,150,77.7039829136,12.9034333264
Blr_Bst000749,Kannelli,150,77.6954662602,12.9072166665
Blr_Bst000748,Junnasandra Gate (Opp),150,77.6845495985,12.9106833267
Blr_Bst000747,Kaikondanahalli,150,77.6776329337,12.9139333268
Blr_Bst000746,Parangi Palya,174,77.6515662927,12.9158666671
Blr_Bst000745,H.S.R Layout 14th Main,174,77.6489162945,12.9157666671
Blr_Bst000744,H.S.R BDA Complex,174,77.6384163019,12.9158666673
Blr_Bst000743,Koramangala 4th Block (Maharaj,151,77.6299329682,12.9340499974
Blr_Bst000742,Maharaja Hotel,151,77.6274996399,12.9365999974
Blr_Bst000739,Vivek Nagar Church,115,77.6210329746,12.9518666674
Blr_Bst000736,Mico (West Gate),146,77.6029552121,12.9424694421
Blr_Bst000735,Apollo Hospital (Bannerghatta,152,77.6005163278,12.9274666677
Blr_Bst000733,Arikere Gate,193,77.5980496588,12.8903166677
Blr_Bst000732,Loyala School Stop,192,77.5933829915,12.8705333278
Blr_Bst000731,Koli Farm Gate,192,77.5884996641,12.8418666679
Blr_Bst000730,Bannerghatta Circle,0,77.5814496682,12.8138666679
Blr_Bst000729,Basavanapura Gate,192,77.5881996644,12.8462333279
Blr_Bst000728,Bangalore Dairy Circle,152,77.6013663274,12.9352166677
Blr_Bst000726,Town Hall (N.R. RD),119,77.5837663393,12.9635999979
Blr_Bst000724,Yediyur,167,77.5765663434,12.9309499979
Blr_Bst000723,Deepak Nursing Home,166,77.576966343,12.9252999979
Blr_Bst000721,Dodda Kallasandra,197,77.5559496855,12.8855833282
Blr_Bst000719,Muneeshwara Temple (Kanakapura,198,77.5332496988,12.8648166684
Blr_Bst000718,Tata Silk Farm,0,77.5234330345,12.8536999985
Blr_Bst000717,Agara Gate (Kanakapura RD),0,77.5220330352,12.8488666685
Blr_Bst000716,Kuppareddykere,0,77.5176830376,12.8423333286
Blr_Bst000715,Art of Living Ashrama,0,77.5159330386,12.8368166686
Blr_Bst000714,Kaggalipura,0,77.5089663821,12.8025833287
Blr_Bst000713,Salhunashe,0,77.5115830407,12.8109833286
Blr_Bst000712,Udaya palya,0,77.5135497097,12.8202166686
Blr_Bst000711,Saladoddi,0,77.5129497102,12.8302333286
Blr_Bst000710,IB College,0,77.5143663794,12.8350666686
Blr_Bst000709,Jyoti Farm,198,77.5287163714,12.8595999985
Blr_Bst000708,Vajra gate,198,77.5327830291,12.8642666684
Blr_Bst000707,Thalagattarapura,198,77.5366996969,12.8693166684
Blr_Bst000706,Bayyanapalya,198,77.5423663635,12.8748499983
Blr_Bst000705,Raghuvanahalli,198,77.5460496914,12.8805833283
Blr_Bst000704,Gubbalala Cross,197,77.5507163586,12.8840333282
Blr_Bst000703,Konanakunte Cross,197,77.5643496803,12.8904166681
Blr_Bst000701,Yelachana Halli,185,77.5723496755,12.898749998
Blr_Bst000699,Banashankari Bus Station,179,77.5737996749,12.917649998
Blr_Bst000698,South End Circle,167,77.5800663412,12.9360333279
Blr_Bst000697,Gunasheela Nursing home,167,77.5769330033,12.9405333279
Blr_Bst000696,Gandhi Bazaar,153,77.5768996734,12.9436333279
Blr_Bst000695,Mahila Seva Samaj,143,77.5765496737,12.9519999979
Blr_Bst000694,Town Hall,119,77.5840663392,12.9638499979
Blr_Bst000693,Sirsi Circle (Mysore Road),140,77.5596996844,12.9602499981
Blr_Bst000692,M.C.T.C Bus Stand  (Big Bazaar),157,77.5441496938,12.9536333283
Blr_Bst000690,Kengeri Post Office (KST),159,77.4814163991,12.9142499989
Blr_Bst000689,Syndicate Bank (KST),159,77.4841163944,12.9219999988
Blr_Bst000688,Kengeri Sat Town (KST),159,77.4853663971,12.9249333288
Blr_Bst000687,Church (KST),130,77.4866330598,12.9286166655
Blr_Bst000686,Shirke Apartment (KST),159,77.4877663959,12.9318833288
Blr_Bst000683,Nayandanahalli,131,77.5259997044,12.9432333284
Blr_Bst000682,Bapuji Nagar,134,77.5416663652,12.9531666683
Blr_Bst000681,Mysore Road Circle (Sirsi Circ,136,77.5564663564,12.9600833281
Blr_Bst000679,Anandpura Stop,137,77.5675830096,12.963499998
Blr_Bst000678,Magadi Road (5th Ph),121,77.5596191292,12.975713887
Blr_Bst000677,Toll Gate (Magadi Road ),106,77.549349691,12.9741499982
Blr_Bst000676,Dasarahalli (Magadi RD),105,77.5417163656,12.9784833283
Blr_Bst000675,K.H.B Colony (Mysore RD),104,77.5358163692,12.9809333283
Blr_Bst000674,Summanahalli,73,77.5187997092,12.9873833285
Blr_Bst000673,Kottigepalya,73,77.5153663812,12.9878166685
Blr_Bst000672,Sunkadakatte,71,77.5043830475,12.9901666686
Blr_Bst000671,Anjananagar,72,77.4884163963,12.9861333288
Blr_Bst000670,Gollarahatti (Jn.of Nice Rd),40,77.4730164047,12.9884833289
Blr_Bst000669,Magadi Road (Raman Polytechnic,72,77.478116402,12.9860833289
Blr_Bst000668,Bydarahalli,72,77.4827663994,12.9850833288
Blr_Bst000667,Hero Halli Cross,72,77.4932663937,12.9876166687
Blr_Bst000666,Kamakshipalya,101,77.5291663732,12.9839333284
Blr_Bst000665,Magadi Road (K.H.B Colony),101,77.5351996996,12.9813666683
Blr_Bst000664,Magadi Road (Dasarahalli),105,77.541083026,12.9789333283
Blr_Bst000663,Magadi Road 10th Cross,122,77.5572996861,12.9756333281
Blr_Bst000662,Magadi Road 1st Cross,120,77.5631163526,12.9755666681
Blr_Bst000661,CPRI Gate,35,77.5768885702,13.0151167733
Blr_Bst000659,Widia Factory,40,77.4959663931,13.0491666687
Blr_Bst000658,Chikkabidarakallu,0,77.4876663977,13.0521499988
Blr_Bst000657,Anchepalya,0,77.479816402,13.0549666688
Blr_Bst000656,T C I (Tumkur RD),0,77.4660830694,13.058733329
Blr_Bst000655,Adakamaranahalli,0,77.4452997504,13.0700666691
Blr_Bst000654,Dasanapura,0,77.4361164251,13.0751333292
Blr_Bst000653,Devayanapalya,0,77.4276164294,13.0785833293
Blr_Bst000652,Arsinakunte,0,77.4247497608,13.0797166693
Blr_Bst000651,T B stop (Nelamangala RD),0,77.4013831023,13.0971999995
Blr_Bst000650,Colony (Nelamangala),0,77.4054164404,13.0942499994
Blr_Bst000648,TATA Institute (IISC),45,77.5685330098,13.012333328
Blr_Bst000646,Indian Express Circle,110,77.5975329941,12.984008331
Blr_Bst000645,Jayamahal,63,77.5951302182,12.9999916644
Blr_Bst000644,Munireddypalya (J.C Nagar),35,77.5935496638,13.0039333277
Blr_Bst000643,Veterinary College (Hebbala),20,77.5864829988,13.0294999978
Blr_Bst000642,Hebbala (Canara Bank),20,77.5891829972,13.0374666678
Blr_Bst000641,Kempapura,7,77.5926496652,13.0495666677
Blr_Bst000640,Allalasandra (Level Crossing),4,77.5935329952,13.0846666677
Blr_Bst000639,Yelahanka Police Station,1,77.594113554,13.0952861088
Blr_Bst000638,Yelahanka N.E.S Office,2,77.5910329971,13.0982666677
Blr_Bst000636,Sharavathi Hotel (Yelahanka),4,77.5858330003,13.0924999978
Blr_Bst000635,Chikkabommasandra (New Town),4,77.5789496747,13.0956333312
Blr_Bst000634,Yelahanka (Sat Town) Bus stand,4,77.5788996748,13.0956999979
Blr_Bst000633,Yelahanka Dairy Circle,3,77.5767830095,13.0997166645
Blr_Bst000631,Chikkabommasandra,9,77.5761663464,13.0896666679
Blr_Bst000630,Yelahanka (13th Main RD),4,77.586333,13.0929999978
Blr_Bst000629,Kodigehalli Gate,7,77.5935829981,13.0574499977
Blr_Bst000628,Military Dairy Farm Gate,7,77.5935829947,13.0574499977
Blr_Bst000626,BRV Parade Ground (PHQ),110,77.6023496576,12.9793833276
Blr_Bst000625,Super Talkies,120,77.5675330097,12.967283328
Blr_Bst000624,Bull Temple RD,143,77.5675330095,12.956249998
Blr_Bst000623,Uma Theater,142,77.5671496797,12.953599998
Blr_Bst000622,Apex Bank,163,77.5540163575,12.9370333282
Blr_Bst000621,Nagendra 4th Cross,162,77.5520663587,12.9372333282
Blr_Bst000619,Avalahalli,158,77.5385996969,12.9393333283
Blr_Bst000618,Avalahalli BDA Complex,158,77.5380830272,12.9393833283
Blr_Bst000617,Girinagara,162,77.5458858036,12.9406111094
Blr_Bst000616,Muneshwara Block 5th Main,162,77.5423830246,12.9387333283
Blr_Bst000614,Nirmala Stores,163,77.5560330163,12.9369666682
Blr_Bst000613,Ganesh Bhavan,154,77.5668796796,12.938316668
Blr_Bst000612,Ramakrishna Ashrama,142,77.5673163494,12.942581668
Blr_Bst000611,Goodshed Road,139,77.5682080126,12.9679611091
Blr_Bst000610,Vidhan Soudha,110,77.5917663345,12.9787333278
Blr_Bst000609,K.R.Circle (Post Office RD),110,77.5857663383,12.9752666678
Blr_Bst000608,Mysore Bank (Post Office Rd),110,77.5816663409,12.9729499979
Blr_Bst000607,Sujatha Talkies,96,77.5627996829,12.9824999981
Blr_Bst000606,Ganeshgudi,132,77.5285163731,12.9573999984
Blr_Bst000605,Vijayanagar (Depot-5),125,77.5376830279,12.9718166683
Blr_Bst000604,Gopalapuram,108,77.5583996856,12.9807833281
Blr_Bst000602,Lalbagh West Gate,143,77.5801163414,12.9484999979
Blr_Bst000601,Telephone Exchange,179,77.5836163387,12.9225999979
Blr_Bst000600,J.P. Nagar (6th Ph),178,77.5759663433,12.906483328
Blr_Bst000599,J.P.Nagar,178,77.5776496722,12.9063499979
Blr_Bst000598,Indira Gandhi Circle,178,77.5784996718,12.9109333279
Blr_Bst000597,Indiranagar 100 FT RD (6th Mai,80,77.6410662979,12.9743166639
Blr_Bst000596,Doopanahalli,88,77.6416162973,12.9632999972
Blr_Bst000595,Domlur Bridge,112,77.6413496307,12.9583666672
Blr_Bst000594,Koramangala (IIPM),151,77.6237329757,12.9343666641
Blr_Bst000593,Central Silk Board (BTM),172,77.6226329728,12.9172833274
Blr_Bst000592,Raggigudda,177,77.5937163321,12.9167499978
Blr_Bst000591,Udipi Garden(Btm Layout 16th M,176,77.6110329806,12.9164833276
Blr_Bst000590,Central Silk  Board Jn.,176,77.6212996437,12.9167166641
Blr_Bst000589,Canara Bank (IIPM Koramangala),151,77.6238163124,12.9344666674
Blr_Bst000588,Ncc Bridge (Koramangala),148,77.6291163055,12.9384333307
Blr_Bst000587,Ejipura Jn. (Srinivasagilu),148,77.6325663064,12.9384499973
Blr_Bst000586,Thippasandra Cross,58,77.6468996271,12.9743499971
Blr_Bst000585,Jeevan Bhima Nagar Police Stat,58,77.6554329543,12.9676166637
Blr_Bst000584,Srinagar,156,77.5546330172,12.9441999982
Blr_Bst000583,Apex Bank (Srinagar),156,77.5550830169,12.9418999982
Blr_Bst000582,Mysore Bank Colony,156,77.5527830183,12.9387333282
Blr_Bst000581,Kattriguppe,163,77.5502996896,12.9252333282
Blr_Bst000580,Kamakya (Depot-13),164,77.5541163572,12.9237666682
Blr_Bst000579,Devegowda Petrol Bunk,165,77.5602996834,12.9223833281
Blr_Bst000578,Kims Hospital,165,77.5643330109,12.9245666681
Blr_Bst000577,Jayanagar Water Tank,171,77.6066996535,12.9167333276
Blr_Bst000576,Udupi Garden,172,77.6106885398,12.9166416642
Blr_Bst000575,Kuvempu Nagar (BTM),172,77.6157663175,12.9164333275
Blr_Bst000574,Madiwal Ayyappa Temple,151,77.6189663154,12.9232999975
Blr_Bst000573,Kendriya Sadhan,151,77.6206496444,12.9267666675
Blr_Bst000572,Koramangala (BDA Complex),151,77.6222329734,12.9308499974
Blr_Bst000571,Koramangala (Opp Oasis Mall),148,77.6276996398,12.9378333274
Blr_Bst000570,Hero Honda,112,77.6413329607,12.9552166672
Blr_Bst000569,Indiranagar 100 FT RD (13th Ma,88,77.6413496309,12.9685499972
Blr_Bst000568,Thippasandra Market,58,77.6507496244,12.9724499971
Blr_Bst000567,DRDO (CV Raman Nagar),57,77.6610162873,12.984366667
Blr_Bst000566,C V  Raman Nagara,57,77.6640162852,12.9856499969
Blr_Bst000565,DRDO Gate,58,77.6580496194,12.981183327
Blr_Bst000564,LRD Camp,58,77.6549329516,12.980066667
Blr_Bst000563,CGHS,58,77.6537412891,12.9786666637
Blr_Bst000562,BEML Gate (Thippasandra),58,77.6555162911,12.976099997
Blr_Bst000561,State Bank (Jeevan Bhimanagar),87,77.6612662868,12.966816667
Blr_Bst000560,Jeevan Bhima Nagar Bus Stand,88,77.6578662859,12.9659666637
Blr_Bst000559,Petrol Pump (Indiranagara),58,77.6546496215,12.967683327
Blr_Bst000558,C.M.H Hospital,80,77.6461162978,12.9784166671
Blr_Bst000557,Indiranagar Police station,80,77.6409329614,12.9772833272
Blr_Bst000556,Indiranagar 6th Main,80,77.6411663012,12.9740333272
Blr_Bst000555,Indiranagar 13th Main Road,88,77.6414163009,12.9681999972
Blr_Bst000554,Yarabnagar,166,77.5694496776,12.915749998
Blr_Bst000553,Banashankari (Mono Type),166,77.5703246771,12.9223055536
Blr_Bst000552,Banashankari (B.D.A. Complex),165,77.5646996807,12.9245833314
Blr_Bst000551,Sitha circle,162,77.5495330202,12.9376833282
Blr_Bst000550,Mysore Bank Colony (Girinagara,163,77.553316358,12.9385333282
Blr_Bst000549,Srinivasa Nagar,163,77.556499686,12.9381499982
Blr_Bst000548,Srinagar,156,77.5546830172,12.9442999982
Blr_Bst000547,Shastri Bakery,179,77.5738330049,12.923149998
Blr_Bst000546,Kaveri Nagar,165,77.5690830079,12.919199998
Blr_Bst000545,Dayananda College (ISRO),181,77.5657663498,12.9095666681
Blr_Bst000544,Kumarswamy Layout Police Stati,181,77.5629996814,12.9056166681
Blr_Bst000543,Kumarswamy Layout Bus Stand,181,77.5617996821,12.9030499981
Blr_Bst000542,Kims Hospital/Makkal Koota,119,77.5749496749,12.960783328
Blr_Bst000540,Kalasipalayam,119,77.5775830066,12.9638999979
Blr_Bst000539,Mahila Samaj,142,77.5735996756,12.953049998
Blr_Bst000538,National College,142,77.5737663455,12.949699998
Blr_Bst000537,M.M.Industries,166,77.5736830051,12.929216668
Blr_Bst000536,Chikkalasandra,184,77.5482830239,12.9084166649
Blr_Bst000535,Sarige Nagar,184,77.5457663587,12.9068999983
Blr_Bst000534,Uttarahalli Bus stand,184,77.5433996934,12.9049999983
Blr_Bst000533,Bank Colony,197,77.5503663559,12.9099166649
Blr_Bst000532,Chikkalasandra Cross,197,77.5522996881,12.9116999982
Blr_Bst000531,Hunasemara,179,77.5742330046,12.919849998
Blr_Bst000530,M M Industries,166,77.5736830085,12.9292166646
Blr_Bst000529,Basavanagudi Police Station,154,77.5737496753,12.9421166646
Blr_Bst000528,National College (K.R. RD),142,77.5736996755,12.949649998
Blr_Bst000527,Mahila Samaj (K.R. RD),142,77.5736663456,12.953049998
Blr_Bst000526,Makkala Koota,143,77.5735996757,12.957299998
Blr_Bst000525,Kalasipalyam Bus Stand,119,77.5766496739,12.9636333313
Blr_Bst000522,Kenchana halli,160,77.5156663769,12.9317666652
Blr_Bst000521,Kanakadas Circle (Double road),160,77.520699707,12.9146333318
Blr_Bst000520,BEML 5th Stage,160,77.5210663734,12.9099666652
Blr_Bst000519,Channasandra (Swathi Clinic),160,77.5210497066,12.9043833318
Blr_Bst000518,Channasandra layout,160,77.5169663757,12.9031999985
Blr_Bst000517,Srinivasa pura,198,77.5085997138,12.9038499986
Blr_Bst000516,Channasandra layout (Uttarahal,160,77.5158663763,12.9033999986
Blr_Bst000515,Channasandra (Uttarahalli RD),160,77.5206663735,12.9026499985
Blr_Bst000514,BEML Complex,160,77.5203497073,12.9194166652
Blr_Bst000513,R.R. Petrol Bunk,160,77.5161497099,12.9327833319
Blr_Bst000511,Nayanda halli,160,77.5263782138,12.9434720597
Blr_Bst000510,Quality Biscuits Factory,158,77.5311663681,12.9468722206
Blr_Bst000508,Sirsi Circle,140,77.5595330178,12.9602666648
Blr_Bst000507,Ryan Circle,139,77.5680663459,12.9604833314
Blr_Bst000506,Binny Mill,94,77.5711330109,12.9775833313
Blr_Bst000505,Central (Rajiv Gandhi Circle),77,77.5712830078,12.996749998
Blr_Bst000504,Widia School,14,77.5077163832,13.0507666653
Blr_Bst000503,Saptagiri College,14,77.5032497193,13.0666999986
Blr_Bst000502,Apartment (Nelamangala),12,77.5029997196,13.073233332
Blr_Bst000501,Chikka Banavara,0,77.5002497212,13.0818499986
Blr_Bst000500,Sante Maidan (Tumkur Road),0,77.5024330533,13.080433332
Blr_Bst000499,Railway Gate (Chikka Banavara,12,77.5047163853,13.0755499986
Blr_Bst000498,Saptagiri College,12,77.5033330526,13.0668499986
Blr_Bst000497,Bone Mill,14,77.5050497183,13.0638999986
Blr_Bst000496,Bagal Gunte,14,77.5071330503,13.0573166653
Blr_Bst000494,Link Road (Seshadripuram),77,77.5738496762,12.9943833279
Blr_Bst000493,R M C (Yeshwanthpura),44,77.5476330228,13.0243666682
Blr_Bst000491,S R S Kalyanamanatapa,38,77.5306497031,13.0341166684
Blr_Bst000490,Peenya (1st Stage),38,77.5251663763,13.0361333284
Blr_Bst000489,Morrison Factory,40,77.4922997252,13.0504499987
Blr_Bst000488,Jindal Factory,0,77.4838163998,13.0533999988
Blr_Bst000487,Madavara,0,77.4740164052,13.0566333289
Blr_Bst000486,Vishwashanti Ashrama,0,77.4189330937,13.0828166693
Blr_Bst000485,Nelamangala,0,77.3945331056,13.0980499995
Blr_Bst000484,Janapriya  Apartment (Nelamang,0,77.4078997692,13.0915166694
Blr_Bst000483,Ashrama (Tumkur RD),0,77.4166664348,13.0844333293
Blr_Bst000482,Makali,0,77.4532330762,13.0658833291
Blr_Bst000481,Madanayakanahalli,0,77.4610164121,13.061383329
Blr_Bst000480,Jindal Factory (Tumkur RD),0,77.4844830595,13.0535166688
Blr_Bst000479,Morrison,0,77.4922330552,13.0507166687
Blr_Bst000477,Peenya 1st,38,77.5253663762,13.0362333284
Blr_Bst000476,S R S (Tumkur RD),38,77.5303830333,13.0345166684
Blr_Bst000474,Goragunte Palya,38,77.5399996975,13.0289499983
Blr_Bst000472,Yeshwantpur R M C,38,77.5525163598,13.0205666682
Blr_Bst000471,Govardhana Talkies,45,77.557066357,13.0177499981
Blr_Bst000470,Yeshwantapura,45,77.5584996861,13.0181666681
Blr_Bst000468,Carmel Convent (Jayanagara Eas,168,77.5929329928,12.9270333278
Blr_Bst000467,Sanjay Gandhi Hospital,168,77.5969329902,12.9269166677
Blr_Bst000466,Jayanagar Bus Station,168,77.5835663355,12.9272166645
Blr_Bst000464,Ashoka Pillar (Kankanapalya Rd,153,77.5846163384,12.9436499979
Blr_Bst000463,Lalbagh West Gate (Minerva Cir,143,77.5800330016,12.9539999979
Blr_Bst000462,Devaiah park Bus Stop,76,77.5623830134,12.9965833281
Blr_Bst000461,Shankar Matha Bus Stop,75,77.5400830269,12.9962666683
Blr_Bst000460,Basaveshwara Nagar Water Tank,74,77.5387663676,12.9927499983
Blr_Bst000459,Basaveshwara Nagar 8th Main,108,77.5597219071,12.9866666648
Blr_Bst000458,Mariyappana Palya,76,77.5603830146,12.9971499981
Blr_Bst000457,Harishchandra Ghat,76,77.5623996834,12.9965166681
Blr_Bst000456,Malleshwaram Circle Kuvempu Na,77,77.5738496762,12.9942999979
Blr_Bst000455,Pipe line (Seshadripuram),77,77.5738663462,12.9941166679
Blr_Bst000452,Jayanagar East End,170,77.59686633,12.9169666677
Blr_Bst000451,ITI Layout (MS Ramaiah Hospita,35,77.5686163501,13.033833328
Blr_Bst000450,Kuvempu Circle,10,77.557816357,13.0437666681
Blr_Bst000449,Doddabommasandra,10,77.5591830164,13.0587166681
Blr_Bst000448,Chamundeswari Layout,10,77.5594996863,13.0647833281
Blr_Bst000447,Vidyaranyapura 1st Block,9,77.5553496889,13.0701166681
Blr_Bst000446,Canara Bank (Vidyaranyapura),9,77.5553108001,13.070063887
Blr_Bst000445,Vidyaranyapura Post Office,9,77.5582163573,13.0762999981
Blr_Bst000444,Echala Mara (Vidyaranyapura),9,77.5592635756,13.0795972203
Blr_Bst000443,Vidyaranyapura Bus Station,9,77.5603996861,13.0838666681
Blr_Bst000442,Nagaland Stage,10,77.5575024652,13.0559694425
Blr_Bst000441,BEL Hospital,10,77.5575163573,13.0500833281
Blr_Bst000439,Malleshwaram 8th Cross,65,77.5692663492,13.000299998
Blr_Bst000438,Electronic City,0,77.6718329366,12.8469166669
Blr_Bst000437,Christ College,152,77.6074163234,12.9359999976
Blr_Bst000436,Lakkasandra,144,77.5970663304,12.9440999977
Blr_Bst000435,Wilson Garden 10th Cross,145,77.5958663312,12.9463666677
Blr_Bst000433,Shanthinagar Bus Station,145,77.5923329937,12.9544183278
Blr_Bst000432,Corporation (Pallavi theater),110,77.5912996646,12.9679666678
Blr_Bst000431,Malleshwaram 6th Cross,65,77.5692663491,12.9974833313
Blr_Bst000430,Malleshwaram 15th Cross,65,77.571199678,13.004633328
Blr_Bst000429,TATA Institute Gate,35,77.5669830108,13.014249998
Blr_Bst000428,Ramaiah Hospital,35,77.5717330081,13.027149998
Blr_Bst000427,Dollars Colony (Devesandra),35,77.5665830114,13.036199998
Blr_Bst000426,BHEL circle,10,77.5566163577,13.0460666681
Blr_Bst000425,BHEL Hospital,10,77.5575330172,13.0490333281
Blr_Bst000424,Nanjappa circle,10,77.5574330176,13.0689499981
Blr_Bst000423,BV Balige Circle,10,77.5578663572,13.0559333281
Blr_Bst000421,BEL Circle,10,77.5565663578,13.0453666681
Blr_Bst000420,Devasandra,35,77.565783012,13.037033328
Blr_Bst000419,M.S. Ramaiah Hospital,35,77.5717496781,13.027166668
Blr_Bst000418,Sadashivanagar Police Station,35,77.5724218997,13.0163916646
Blr_Bst000417,TATA Institute,35,77.5709052339,13.0144194424
Blr_Bst000416,Malleshwaram 13th cross,65,77.5693830091,13.004233328
Blr_Bst000415,Malleshwaram 10th Cross,65,77.5692663492,13.001049998
Blr_Bst000414,Malleshwaram circle,65,77.5692996791,12.998249998
Blr_Bst000413,Maharani collage,110,77.5855663384,12.9771166678
Blr_Bst000412,Subaiah Circle,110,77.5909996647,12.9626166678
Blr_Bst000411,Wilson Garden 12th Cross,145,77.5981329898,12.9474499977
Blr_Bst000410,Cauvery  Bhavan,94,77.581516341,12.9737333279
Blr_Bst000409,High Ground Police station,110,77.5884996667,12.9836833278
Blr_Bst000408,Mekhri Circle West,35,77.5833994854,13.0148278783
Blr_Bst000407,ESCORTS,2,77.5904329975,13.0987499977
Blr_Bst000406,Honnena halli,0,77.565949684,13.162883328
Blr_Bst000405,Sriramapura cross,0,77.5632330162,13.191599998
Blr_Bst000404,Suradevanapura Cross,0,77.5588996891,13.204516668
Blr_Bst000403,Marasandra Cross,0,77.5572830201,13.207783328
Blr_Bst000402,Mazar Hosahalli Cross,0,77.5505663646,13.2341166681
Blr_Bst000401,Doddaballapura Railway Station,0,77.5517163646,13.2780833281
Blr_Bst000400,Doddaballapura Govt hospital,0,77.5442330293,13.2924999981
Blr_Bst000399,Doddaballapura Bus Station (Ol,0,77.5422163705,13.2932999982
Blr_Bst000398,Doddaballapura Arali Katte Cir,0,77.5435996997,13.2936833281
Blr_Bst000397,Doddaballapura Industrial Area,0,77.5516163647,13.2800499981
Blr_Bst000396,Navodaya/Bombay Ryan Factory,0,77.5521330242,13.2693166681
Blr_Bst000395,Bashettyhalli Bank,0,77.5520663643,13.2702166681
Blr_Bst000394,Yellapura/Mazar hosahalli Cros,0,77.5527830237,13.2576666681
Blr_Bst000393,Rajan kunte,0,77.5638663556,13.181816668
Blr_Bst000392,Singanayakanahalli,0,77.5672163532,13.157299998
Blr_Bst000391,Avalahalli (Doddaballapur Rd),0,77.5696163514,13.1442999979
Blr_Bst000390,Nagenahalli Gate,2,77.5707163505,13.1314499979
Blr_Bst000389,C.R.P.F (Doddaballapur RD),2,77.5736830086,13.1260499979
Blr_Bst000388,Ananthapura Gate,2,77.5789524529,13.1150055534
Blr_Bst000387,Puttenahalli,2,77.5801163443,13.1103333278
Blr_Bst000386,Railway Wheel Factory,2,77.5802163442,13.1099499978
Blr_Bst000385,Kaveri Bhavan,110,77.5812996711,12.9732833279
Blr_Bst000383,Nanda Talkies,167,77.5801663411,12.9333999979
Blr_Bst000382,Jayanagar 9th Main,179,77.5836330019,12.9174333312
Blr_Bst000381,Kalyani Magnum JP Nagar,187,77.5949663277,12.9013166644
Blr_Bst000380,kalyani Magnum,187,77.5960663269,12.9001833311
Blr_Bst000379,R.V.Dental College,179,77.5856996672,12.9110166679
Blr_Bst000378,Jayanagar South End circle,167,77.580349671,12.9364666646
Blr_Bst000377,R.V. Teachers colony,143,77.5799830048,12.9444333312
Blr_Bst000376,Taj Residency (Trinity Circle),90,77.6199663157,12.9733999974
Blr_Bst000375,Philips (RMZ Ulsoor Lake),79,77.6239496432,12.9819166674
Blr_Bst000374,Ulsoor,80,77.6291329696,12.9790999973
Blr_Bst000373,Indiranagar Bus Depot,79,77.6347496358,12.9825999973
Blr_Bst000372,N.G.E.F.,50,77.6497996254,12.9878333271
Blr_Bst000371,B Narayanapura (ORR),55,77.6845579336,12.9953638855
Blr_Bst000370,Mahadevapura (Cauvery Complex),55,77.6906495958,12.9973666666
Blr_Bst000369,Singayana Palya,55,77.6949162625,12.9957333265
Blr_Bst000368,ABB Centre,82,77.7056662543,12.9930499964
Blr_Bst000367,Brigade Tech Park (ITPL),83,77.7405662267,12.9875333259
Blr_Bst000366,G.R.Tech,83,77.7432495545,12.9868666658
Blr_Bst000365,BPL (ITPL),83,77.7484328802,12.9850999958
Blr_Bst000364,G.R.Tech (ITPL),83,77.7428828848,12.9868333258
Blr_Bst000363,Pattandura Agrahara,82,77.7271995674,12.9889333261
Blr_Bst000362,Big Bazar (ITPL),82,77.7318495637,12.987949996
Blr_Bst000361,Rajpalya (Whitefield RD),82,77.7211829022,12.9911166662
Blr_Bst000360,Hoody,82,77.716349576,12.9921833262
Blr_Bst000359,Garudachar Palya,82,77.7019495872,12.9937666664
Blr_Bst000356,NGEF,57,77.6506162948,12.9879833271
Blr_Bst000355,Isolation Hospital,80,77.6432996299,12.9849999972
Blr_Bst000353,Indiranagar (Depot-6),80,77.6350663056,12.9824999973
Blr_Bst000351,D'suoza Circle,111,77.6097329825,12.9668333276
Blr_Bst000350,Manipal Hospital,88,77.6507445742,12.959720069
Blr_Bst000349,Varthur,149,77.7474134388,12.9398749958
Blr_Bst000348,KKR School,149,77.7466995505,12.9379666625
Blr_Bst000347,Vinayaka Nagar,149,77.744799552,12.9363527736
Blr_Bst000346,Gunjur,149,77.7346634487,12.9209777738
Blr_Bst000345,Ramagondanahalli,84,77.7390662238,12.9570472181
Blr_Bst000344,Tubarahalli,85,77.7226467925,12.955713885
Blr_Bst000342,Rajeshwari (Old Airport RD),113,77.6625329457,12.9590666669
Blr_Bst000341,Shoollay Circle,111,77.6090163229,12.9664833276
Blr_Bst000339,BEML Layout (ITPL),85,77.7165662451,12.9609666662
Blr_Bst000338,AECS  Layout,85,77.7182495739,12.9650833262
Blr_Bst000337,CMRIT College (ITPL),85,77.7140162473,12.9676333263
Blr_Bst000336,Kundalahalli  colony,85,77.7126245784,12.9698194407
Blr_Bst000335,SAP Labs India,82,77.7148662468,12.9777333262
Blr_Bst000334,KTPO,82,77.7211662386,12.9770666628
Blr_Bst000333,Vaidehi (Depot-18),82,77.7268995673,12.9765833261
Blr_Bst000332,Sathya Sai Hospital,82,77.7289662359,12.984216666
Blr_Bst000331,BSNL Office (Whitefield RD),83,77.755332878,12.9906166623
Blr_Bst000330,Sri Sathya Sai Hospital,82,77.7286662361,12.9834499961
Blr_Bst000329,SAP (ITPL),82,77.7149162435,12.9775666629
Blr_Bst000328,Manipal Center (Near M.G. RD),111,77.6139329798,12.9754833275
Blr_Bst000326,AladaMara (ORR),73,77.5096497143,12.9754999986
Blr_Bst000325,Ambedkar College,73,77.5046330469,12.9604666686
Blr_Bst000324,Thegumbe Cross,73,77.5050163867,12.9603499986
Blr_Bst000323,Vinayaka Layout 12th Cross,73,77.5149052666,12.9600166652
Blr_Bst000322,Vijayanagar,123,77.5379330278,12.9721499983
Blr_Bst000321,Bhashyam Circle (Rajajinagar),108,77.5541330182,12.9839999982
Blr_Bst000320,Rajajinagar Bhashyam Circle,108,77.5541163582,12.9838166682
Blr_Bst000319,Rajajinagar 6th Block,106,77.5534996885,12.9789166682
Blr_Bst000318,Attiguppe,132,77.5339496999,12.9576833284
Blr_Bst000317,N.G.E.F Layout (Malathahalli R,73,77.5103663837,12.9611333286
Blr_Bst000316,Papareddy Palya,129,77.5076330454,12.9718333286
Blr_Bst000315,Temple (Mahalakshmi Layout),68,77.5440830247,13.0084999982
Blr_Bst000314,Navarang Bus Stand,99,77.5513830201,12.9962833282
Blr_Bst000313,E.S.I. (Rajaji Nagar),99,77.552966359,12.9901166682
Blr_Bst000312,Dr Rajkumar RD (Old Police Sta,99,77.5556163574,12.9898999981
Blr_Bst000311,Ram Mandira,108,77.556233017,12.9862999981
Blr_Bst000310,St.Joseph College,111,77.6045746559,12.9707472198
Blr_Bst000309,Muneeshwara Temple,85,77.7090162509,12.9564666663
Blr_Bst000308,Kundalahalli,85,77.7183995738,12.9652166662
Blr_Bst000307,Rajajinagar Entrance,108,77.5572163563,12.9844166681
Blr_Bst000306,Rajajinagar old police station,108,77.5543996881,12.9892499982
Blr_Bst000305,Basaveshwara College,99,77.5526663593,12.9938999982
Blr_Bst000304,Navaranga,67,77.5509996904,12.9983166682
Blr_Bst000303,Mahalakshmi Layout Entrance,67,77.548499692,13.0076666682
Blr_Bst000302,Mahalaxmi Temple,68,77.545316364,13.0082833282
Blr_Bst000301,Mahalakshmi Layout Bus stop,68,77.5439663648,13.0119333282
Blr_Bst000299,Dasarahalli Kere,106,77.5451663637,12.9849999982
Blr_Bst000298,Okalipuram,95,77.56741635,12.982116668
Blr_Bst000297,Palandua Agrahar Gate,83,77.7337495622,12.987883326
Blr_Bst000296,Wilson Garden,145,77.5949496619,12.9515999977
Blr_Bst000295,Bangalore Dairy Circle (Christ,146,77.6066829839,12.9364999976
Blr_Bst000294,Veerasandra,0,77.6770829326,12.8399499968
Blr_Bst000293,Anekal Chandapura,0,77.7041495812,12.8027333265
Blr_Bst000292,Anekal Chandapura Circle,0,77.7027829123,12.8013499965
Blr_Bst000291,Ramakrishnapura Gate,0,77.7018495826,12.7852333265
Blr_Bst000290,Anekal Cross,0,77.6911162591,12.7053166667
Blr_Bst000289,Anekal,0,77.6911329191,12.7053166667
Blr_Bst000288,Vandanahalli,0,77.7034495801,12.7245999965
Blr_Bst000287,Bedaganahalli,0,77.7038495803,12.7514666665
Blr_Bst000286,Naganayakanahalli,0,77.7007329131,12.7685333265
Blr_Bst000283,Ram Mandira,108,77.5572830163,12.9841833281
Blr_Bst000282,Bhashyam Circle,107,77.554016355,12.9845499982
Blr_Bst000281,Havanur Circle,100,77.5377163682,12.9880166683
Blr_Bst000280,Basaveshwara Nagar,101,77.5340163704,12.9884833284
Blr_Bst000279,Poornima Talkies (Lalbhagh RD),118,77.5879496666,12.9606833278
Blr_Bst000278,R.V Teachers Colony,143,77.5810830007,12.9437333279
Blr_Bst000277,Jayanagar 1St Block,167,77.5840829987,12.9364166679
Blr_Bst000276,Jayanagar 4th Block,169,77.5916163336,12.9271333278
Blr_Bst000275,Jayadeva (Nival Tech),170,77.6031163259,12.9167333277
Blr_Bst000274,Central Silk Board (ORR),173,77.6235163122,12.9175833274
Blr_Bst000273,Wipro,0,77.6594996154,12.839283327
Blr_Bst000272,Jayanagara (Kempe Gowda School,170,77.59701633,12.9215833277
Blr_Bst000271,Jayanagar Pump House,170,77.59691633,12.9173333277
Blr_Bst000270,Jayanagara 4th T Block,168,77.587949666,12.9262999978
Blr_Bst000269,Church Bus Stop,168,77.5835663388,12.9272166679
Blr_Bst000268,Jayanagar 4th Block (Bus Stati,168,77.5835946688,12.9276649979
Blr_Bst000267,Jayanagar 3rd Block,169,77.5839329987,12.9315666679
Blr_Bst000266,Jayanagara Madavan Park,153,77.5851663381,12.9422166678
Blr_Bst000265,Ashoka Pillar,143,77.5800330014,12.9445999979
Blr_Bst000264,Guddada Halli,0,77.7368995549,12.788183326
Blr_Bst000263,Attibele,0,77.771299526,12.7782999955
Blr_Bst000262,Yedwanahalli,0,77.751316213,12.7851666658
Blr_Bst000261,Guest Line,0,77.7419995507,12.786549996
Blr_Bst000260,Neraluru (Attibele RD),0,77.7296328909,12.7917499961
Blr_Bst000259,Tirumgondanahalli,0,77.7218495671,12.7937999962
Blr_Bst000258,Hale Chandapura,0,77.7123662448,12.8011833264
Blr_Bst000256,Hennagara cross,0,77.6992495851,12.8063499965
Blr_Bst000255,Indian Express Stop,110,77.5974163309,12.9839833277
Blr_Bst000254,Forum Mall (Hosur RD),146,77.6123329834,12.9341166642
Blr_Bst000253,Johnson Market,117,77.6068496543,12.9653833276
Blr_Bst000252,ST Marks RD,111,77.601482988,12.9738166677
Blr_Bst000251,M G Road,90,77.6141329797,12.9744166675
Blr_Bst000250,AMC College,0,77.58765522,12.8289638868
Blr_Bst000249,Venkatadri Cross,187,77.5946663311,12.8985333278
Blr_Bst000248,K.R.Circle,110,77.5869663375,12.9753333278
Blr_Bst000247,K H Road,117,77.5929996633,12.9579999978
Blr_Bst000246,HSBC Bank,187,77.5988496583,12.8924833277
Blr_Bst000245,Begihalli,0,77.6023496541,12.7920666677
Blr_Bst000244,Hara Gadde,0,77.6523662889,12.7577833272
Blr_Bst000243,Madapatna,0,77.6422662964,12.7700666673
Blr_Bst000242,Jigani,0,77.6356996313,12.7852833273
Blr_Bst000239,Himagiri (Bannerghatta RD),194,77.5904829932,12.8620833278
Blr_Bst000236,Jayadeva Jn. (Hospital),170,77.600049658,12.9187833277
Blr_Bst000234,Kengeri Housing Board Qrts,130,77.4880830591,12.9331333321
Blr_Bst000233,Kengeri Upanagar,159,77.4848997274,12.9241166655
Blr_Bst000230,BGS Health City,198,77.4979830531,12.9025666654
Blr_Bst000229,Omkar Ashrama,198,77.5046163828,12.9047166653
Blr_Bst000228,Channasandra,160,77.520399707,12.9025833319
Blr_Bst000225,Arehalli,184,77.5377163635,12.9083499983
Blr_Bst000224,Uttarahalli Circle,184,77.5426996939,12.905766665
Blr_Bst000223,K.R. Hospital (Uttarahalli),184,77.5457830253,12.9067666649
Blr_Bst000222,Uttarahalli Bank Colony,184,77.5484996904,12.9083999982
Blr_Bst000220,Electronic City 2nd Phase,0,77.6708996073,12.8478138858
Blr_Bst000219,Electronic City 1st Phase,0,77.6655829413,12.854166667
Blr_Bst000217,Purnaprjna Water Tank,184,77.5345496988,12.9083833317
Blr_Bst000216,Padavalamma Temple,184,77.5287330355,12.9049833318
Blr_Bst000215,Gurukul School (Uttarahalli Ro,184,77.5270663698,12.9044666651
Blr_Bst000213,BGS Main Gate,198,77.4989747193,12.9070138876
Blr_Bst000212,Savan Darshan Ashrama,198,77.4927497228,12.9096499988
Blr_Bst000211,VES School Cross (Uttarahalli,198,77.4889997249,12.9076166655
Blr_Bst000210,Uttara Halli Cross,159,77.4848497272,12.9119833322
Blr_Bst000209,Kengeri Post Office,159,77.4813663992,12.9141833289
Blr_Bst000208,Yelahanka New Bus stand,3,77.5756663437,13.1071833312
Blr_Bst000207,Yelahanka 4th Phase Bus Stand,3,77.5728330121,13.1062166646
Blr_Bst000206,Shivananda circle,94,77.5748996754,12.9858166679
Blr_Bst000205,Shivananda stop,94,77.5747441199,12.9859333313
Blr_Bst000204,Hebbala kempapura,7,77.5920663322,13.0479999977
Blr_Bst000203,Yelahanka 5th phase,3,77.5766496764,13.1068166645
Blr_Bst000201,I.A.F/Mekheri Circle,34,77.5840330002,13.0187999978
Blr_Bst000200,Palace Grounds/Mekhri circle,34,77.5839663402,13.0175833278
Blr_Bst000199,Majestic (KBS),94,77.572099677,12.978333328
Blr_Bst000196,Military Accounts Office,114,77.620766315,12.9669166674
Blr_Bst000195,Mayo Hall (Victoria RD),111,77.6124829806,12.9666999975
Blr_Bst000194,Mallya Hospital,110,77.5943163293,12.9702666644
Blr_Bst000193,Mysore Bank Circle,109,77.5823330004,12.9721999979
Blr_Bst000192,R.M. Guttahalli,93,77.5841163397,12.9986999978
Blr_Bst000191,Mekhri (Palace ground),35,77.5837996702,13.0106166678
Blr_Bst000190,Gangenahalli,35,77.58434967,13.0223166678
Blr_Bst000189,C.B.I (Bellary RD),21,77.5863996688,13.0290833278
Blr_Bst000187,Basavapura,192,77.5882663344,12.8467333279
Blr_Bst000186,Nice Road,192,77.5881996644,12.8462333312
Blr_Bst000185,Himagiri,194,77.5904829965,12.8620833312
Blr_Bst000184,Venkatadri Cross (Bilekahalli),187,77.5946663278,12.8985333311
Blr_Bst000180,Bilekallahalli,188,77.6011329903,12.9008666644
Blr_Bst000178,Honey Well (Bannerghatta Road),193,77.5969163295,12.8872166677
Blr_Bst000177,Hulimavu,193,77.59593299,12.8814833278
Blr_Bst000176,Meenakshi Temple,193,77.5945663308,12.8741999978
Blr_Bst000175,Kadena Agrahara,192,77.5917663324,12.8658833278
Blr_Bst000174,Gottigere Stop,194,77.5888663341,12.8560333278
Blr_Bst000173,Kalkere,0,77.5889829937,12.8326166679
Blr_Bst000172,Bannerghatta National Park,0,77.5767996709,12.801333328
Blr_Bst000171,Madiwala Check Post (Big Bazar,146,77.610932981,12.9338999976
Blr_Bst000170,Kormangala Water Tank (VIT),151,77.621732977,12.9292499974
Blr_Bst000168,Marathahalli P/O (Varthur Rd),86,77.6887162663,12.9551833266
Blr_Bst000166,HAL Kalyan Mantap,87,77.679816273,12.9544999967
Blr_Bst000164,Murigesh Palya,113,77.6562329502,12.959199997
Blr_Bst000163,Manipal Hospital (Opp Leela pa,113,77.6506996242,12.9594333271
Blr_Bst000161,Kormangala BDA Complex,151,77.6224663099,12.9312833308
Blr_Bst000160,Kempapura (ORR),7,77.6011163296,13.0437166676
Blr_Bst000159,Veeranapalya,6,77.6136163213,13.0421999975
Blr_Bst000158,Kalyannagar,25,77.6380829643,13.0262833272
Blr_Bst000157,Babusab Palya Jn.(80 Feet Road,25,77.6476829609,13.0225999971
Blr_Bst000156,Doddanekkundi,85,77.6948495922,12.9794499965
Blr_Bst000155,Marathahalli Multiplex Bridge,150,77.699682918,12.9515999965
Blr_Bst000154,ECO Space (RMZ),150,77.6817996009,12.9285999967
Blr_Bst000153,Bellandur Gate (ORR),150,77.676199605,12.9259666668
Blr_Bst000152,Jayadeva (ORR),177,77.5996829882,12.9165833277
Blr_Bst000151,Central Silk  Board (ORR),173,77.6240513119,12.9176483274
Blr_Bst000150,Sarjapur Cross,150,77.6661829423,12.9211166669
Blr_Bst000149,AKME Apartments (ORR),150,77.6699996095,12.9228333269
Blr_Bst000148,Veeranapalya (ORR),6,77.61391354,13.0418888864
Blr_Bst000147,HSR Layout,174,77.6376829624,12.9158833273
Blr_Bst000146,Hebbala Dairy Gate,7,77.5920663355,13.0479999977
Blr_Bst000145,G.K.V.K (Bellary RD),7,77.5927329989,13.074183331
Blr_Bst000144,Jakkur Aerodrome,7,77.5926163357,13.0747833277
Blr_Bst000143,Govt. School (New Town),3,77.5767830095,13.0998499979
Blr_Bst000142,Nagavara,24,77.624399644,13.0401166674
Blr_Bst000141,Hennuru (ORR),25,77.6330329679,13.0277166673
Blr_Bst000140,Mahadevpura,55,77.6873662648,12.9913333299
Blr_Bst000139,Kartik Nagar,85,77.7015662569,12.9683499964
Blr_Bst000138,Kartika Nagar,85,77.7015662536,12.9683499964
Blr_Bst000137,Mahadevpura (ORR),81,77.6873662681,12.9911499966
Blr_Bst000135,Rammurthynagar/Channasandra,50,77.6622829469,13.0111833269
Blr_Bst000134,Banaswadi,25,77.6554662887,13.019299997
Blr_Bst000133,Babusab Palya,25,77.6475996276,13.0225166638
Blr_Bst000132,Hennuru Jn. (ORR),29,77.6332329677,13.0273999973
Blr_Bst000131,Nagawara Jn.,6,77.6237829744,13.0406833274
Blr_Bst000130,IBM Manyatha Tech Park,6,77.6200996469,13.0411333308
Blr_Bst000129,Hebbala (ORR),7,77.591191336,13.0428833277
Blr_Bst000128,Vijayanagar Bus Station,124,77.5378996978,12.9719499983
Blr_Bst000127,Depot 5 (Vijayanagar),133,77.5345496997,12.9638166684
Blr_Bst000126,Deepanjali Nagar (Depot -16),133,77.5371663679,12.9518833283
Blr_Bst000125,Veerabhadra Nagar,158,77.5337663697,12.9378666684
Blr_Bst000124,Dwaraka Nagar,158,77.5385496968,12.9341499983
Blr_Bst000123,Deepanjali Nagara (DEPOT-16),158,77.5372163679,12.9512166683
Blr_Bst000121,Adi Chunchanagiri Matta,123,77.545933023,12.9738666682
Blr_Bst000120,Mysore Road Tolgate,141,77.5541163545,12.9579666648
Blr_Bst000119,Shivanahalli,99,77.5509330203,12.9907999982
Blr_Bst000118,West Of Choard Road(Navarang),67,77.5498330211,12.9997833282
Blr_Bst000117,Chowdeshwarinagar Bus Station,17,77.5538996892,13.0328666681
Blr_Bst000116,Mattikere,36,77.5576830169,13.0341999981
Blr_Bst000115,Toll Gate (Yeshwanthpura),35,77.5608663547,13.0176166681
Blr_Bst000114,Yeshwantpura Bus Stand,45,77.5574663568,13.0181999981
Blr_Bst000113,Govt Soap Factory,66,77.5543996885,13.0130666681
Blr_Bst000112,Mahalakshmi Layout,68,77.5441496947,13.0116833282
Blr_Bst000111,Modi Circle,67,77.549916361,12.9996166682
Blr_Bst000110,Basava Mantap Stop,99,77.5508163604,12.9955333282
Blr_Bst000109,Rajajinagar Power Station,107,77.5505830205,12.9895499982
Blr_Bst000108,Industrial Town,107,77.5490663613,12.9849499982
Blr_Bst000107,Magadi Road Tolgate,106,77.5491163612,12.9819999982
Blr_Bst000106,Kaderenahalli Cross,180,77.5672663489,12.913616668
Blr_Bst000105,Sarjapur Jn (ORR),150,77.6655329461,12.9210833303
Blr_Bst000104,S.J.R.I Park,82,77.7277384557,12.9813277738
Blr_Bst000103,BTM MICO Layout,176,77.604449655,12.9165999976
Blr_Bst000102,Indira Nursing Home,165,77.5645830142,12.9291333314
Blr_Bst000101,Manuvana,123,77.5447330237,12.9739833283
Blr_Bst000100,Dhobi ghat,107,77.5509830202,12.9871666682
Blr_Bst00099,Manjunath Nagar/Modhi Hospital,99,77.5509496903,12.9947166682
Blr_Bst00098,Rajajinagar 1st Block,67,77.550033021,13.0034833282
Blr_Bst00097,Mahalakshmi Layout Cross,67,77.5488163619,13.0083666682
Blr_Bst00096,Iskcon Temple,44,77.5514496903,13.0117166682
Blr_Bst00094,Yeshwantapura Toll Gate,35,77.5608996846,13.0175833281
Blr_Bst00093,Deewanar Palya,35,77.5617996842,13.0268666681
Blr_Bst00092,M S Ramaiah college,35,77.5617996843,13.0284499981
Blr_Bst00091,Kengunta Circle,73,77.5050163834,12.9603499986
Blr_Bst00090,Chandra Layout,132,77.5262830344,12.9582999984
Blr_Bst00089,R.V. Dental College,177,77.5857663338,12.9109999979
Blr_Bst00088,Rajarajeswari Police station,160,77.5208497069,12.9128833318
Blr_Bst00085,Jn of Sarjapura Road,150,77.6655329427,12.9210833269
Blr_Bst00084,Palandur Agrahara Cross,82,77.7319495636,12.987983326
Blr_Bst00083,Rajarajeswari Jn.,160,77.5183663754,12.9359499985
Blr_Bst00082,Rajarajeswari Temple,160,77.5111497127,12.9278166653
Blr_Bst00081,Ideal Home Circle,160,77.5181997086,12.9244666652
Blr_Bst00080,BEML 3rd Stage,160,77.5185163751,12.9227499985
Blr_Bst00077,BEML 5th stage Bus stand,160,77.5212830399,12.9067999985
Blr_Bst00076,Post Office (Kengeri),159,77.4813663958,12.9141833322
Blr_Bst00075,R.V. College,159,77.4992830494,12.9252499987
Blr_Bst00072,Hope Farm,83,77.7525495468,12.9839166657
Blr_Bst00071,Kadugodi Bus Station,83,77.7584328722,12.9956833256
Blr_Bst00067,Jayaram Dass( Kenhan Halli),129,77.5061830456,12.9310833286
Blr_Bst00066,R.V.Teachers Colony,159,77.4992830527,12.9252499987
Blr_Bst00064,Ganesha Temple (Mysore RD),159,77.4803163997,12.9113666689
Blr_Bst00063,Railway Station (KST),159,77.4822497287,12.9165333322
Blr_Bst00062,Gurappanapalya,170,77.600016328,12.9194499977
Blr_Bst00061,Jakkasandra,151,77.6394829613,12.9240833272
Blr_Bst00060,Marathahalli Jn,86,77.7000162578,12.9570166665
Blr_Bst00059,Jn. Of Sarjapura Rd,0,77.7833828477,12.8609499953
Blr_Bst00058,Marathahalli (Mulitplex ORR),150,77.7002329176,12.9539499965
Blr_Bst00057,Kumarswamy Layout,181,77.5618996821,12.9033999981
Blr_Bst00056,ISRO Layout,181,77.5579830144,12.8988333282
Blr_Bst00055,HSR (Depot-25),174,77.6428829589,12.9198166672
Blr_Bst00054,ITPL,83,77.7371495594,12.9874833259
Blr_Bst00053,ITPL Back Gate,82,77.7317995637,12.986333326
Blr_Bst00052,I Gate (Perot Systems),82,77.7180495743,12.9772833295
Blr_Bst00051,Graphite India Limited,85,77.7100162506,12.9772166663
Blr_Bst00050,Marathahalli Bridge,150,77.7016662532,12.9567666631
Blr_Bst00049,J.P.Morgan,150,77.6968995899,12.9424499965
Blr_Bst00048,Kadabisanahalli,150,77.6954162609,12.9395333265
Blr_Bst00047,New Horizion College (ORR),150,77.6918329236,12.9359666666
Blr_Bst00046,Devarabisanahalli,150,77.6847329288,12.9297666667
Blr_Bst00045,H.S.R. Layout (Depot-25),174,77.6430829587,12.9197333272
Blr_Bst00044,HSR 14th Main,174,77.6376663025,12.9159166673
Blr_Bst00043,HSR SI Apartment,174,77.6291496384,12.9166666674
Blr_Bst00040,Kormangala 100 Feet Road,148,77.6276996398,12.9378333307
Blr_Bst00039,Narayana Hrudayalaya,0,77.6963162574,12.8096333266
Blr_Bst00038,Bommasandra,0,77.6908162617,12.8163833267
Blr_Bst00037,Hebbagodi,0,77.6829662679,12.8256166667
Blr_Bst00036,Huskur Gate,0,77.6793496008,12.8354333268
Blr_Bst00035,Nayandhalli Cross,158,77.5285330329,12.9450666684
Blr_Bst00034,Garaje (DEPOT-5),126,77.5347830295,12.9646999984
Blr_Bst00033,Maruthi Mandir,125,77.5360663688,12.9676333283
Blr_Bst00032,N.G.E.F Layout,73,77.5093663809,12.9609666653
Blr_Bst00031,R P C Layout,133,77.5339330299,12.9579833284
Blr_Bst00030,Nayandahalli Jn,158,77.5291663725,12.9450333284
Blr_Bst00029,Hoskere Halli Cross,162,77.5394496963,12.9335999983
Blr_Bst00028,Hoskere Halli,162,77.5433996938,12.9305999983
Blr_Bst00027,Janata Bazar (Kathariguppe),161,77.5460163622,12.9281833283
Blr_Bst00026,Hoskerehalli Cross (ORR),161,77.5441996933,12.9297166683
Blr_Bst00025,Hoskerehalli Petrol Bunk,161,77.5400830259,12.9330499983
Blr_Bst00024,PES college (ORR),161,77.536616368,12.9351166684
Blr_Bst00022,BHEL Gate (Mysore Road),158,77.5367830314,12.949716665
Blr_Bst00021,Income Tax Layout,132,77.5320163711,12.9599999984
Blr_Bst00020,Nagarabhavi Circle,128,77.5189163787,12.9585166685
Blr_Bst00019,Nagarabhavi BDA Complex,73,77.5119163831,12.9794666686
Blr_Bst00018,Mono Type (Banashankari),166,77.570566347,12.921766668
Blr_Bst00017,Marenahalli,177,77.5889829952,12.9168833278
Blr_Bst00016,Jayanagar  9th BL East,170,77.5968163267,12.9168499977
Blr_Bst00015,BTM 16th Main,176,77.6086663189,12.9164666643
Blr_Bst00014,BTM Layout,176,77.6162663138,12.9161999975
Blr_Bst00012,Infosys Main Gate,0,77.6650662815,12.845449997
Blr_Bst00011,PES College (Hosur),0,77.6624662837,12.858199997
Blr_Bst00010,Hosa Road Jn.,192,77.6536996202,12.8691666671
Blr_Bst0009,BTM Water Tank,176,77.6071913199,12.916583331
Blr_Bst0008,MICO Layout,170,77.6041329852,12.9166833277
Blr_Bst0006,Jayanagar 9th block East,170,77.5968163301,12.9168499977
Blr_Bst0005,Marenahalli Petrol Bunk,177,77.5887163353,12.9169166678
Blr_Bst0004,Jayanagar 5th BL East,179,77.5836329986,12.9172666679
Blr_Bst0003,Sangam Circle,179,77.5772996727,12.9177333313
Blr_Bst0002,Mini Zoo (KIMS Hospital),165,77.5613163528,12.9264999981
Blr_Bst0001,Gowdana Palya,182,77.5585330176,12.9119333315
Blr_Bst000862,Mekhri Circle East,34,77.5849108075,13.0149318786
Blr_Bst000921,Queens Road,63,77.599331732,12.9888366872
Blr_Bst000922,Dickenson Road,110,77.611413167,12.9808133637
Blr_Bst000923,Jn Bhaskaran and GC Rd,90,77.6200755245,12.9756576793
